ts,asset,type,strike,expiry,mark,mid,iv,delta,gamma,theta,vega,oi,best_bid,best_ask,spread,spot,symbol
2026-08-27T21:01:35.678066,BTC,put,86000.0,2026-08-28,5983.7,5983.7,,-1.0,0.0,-0.0,0.0,2.77,,,,80016.2,P-BTC-86000-280826
2026-08-27T21:01:35.678066,BTC,put,85000.0,2026-08-28,4983.7,4983.7,,-1.0,0.0,-0.0,0.0,0.368,,,,80016.2,P-BTC-85000-280826
2026-08-27T21:01:35.678066,BTC,put,84000.0,2026-08-28,3983.7,3983.7,,-1.0,0.0,-0.0,0.0,0.12,,,,80016.2,P-BTC-84000-280826
2026-08-27T21:01:35.678066,BTC,put,83000.0,2026-08-28,2988.00793398,2988.00793398,36.9,-0.99100915,1.968e-05,-24.01563325,0.80344607,3.573,,,,80016.2,P-BTC-83000-280826
2026-08-27T21:01:35.678066,BTC,put,82500.0,2026-08-28,2496.07616556,2496.07616556,34.0,-0.97384715,4.879e-05,-60.49142383,2.00865449,0.48,,,,80016.2,P-BTC-82500-280826
2026-08-27T21:01:35.678066,BTC,put,82200.0,2026-08-28,2201.77385562,2201.77385562,31.9,-0.96394618,6.679e-05,-75.20150072,2.61987537,0.008,,,,80016.2,P-BTC-82200-280826
2026-08-27T21:01:35.678066,BTC,put,82000.0,2026-08-28,2008.07812253,2008.07812253,30.8,-0.95860455,7.876e-05,-79.87558028,2.93145524,1.862,,,,80016.2,P-BTC-82000-280826
2026-08-27T21:01:35.678066,BTC,put,81800.0,2026-08-28,1818.38399162,1818.38399162,30.1,-0.93042089,0.00011411,-125.40945287,4.42307605,0.001,,,,80016.2,P-BTC-81800-280826
2026-08-27T21:01:35.678066,BTC,put,81600.0,2026-08-28,1631.13088136,1631.13088136,29.3,-0.90739062,0.00014295,-154.20626362,5.48941608,0.4,,,,80016.2,P-BTC-81600-280826
2026-08-27T21:01:35.678066,BTC,put,81500.0,2026-08-28,1537.56195859,1537.56195859,28.8,-0.90599969,0.00015081,-149.43730399,5.54834357,7.623,,,,80016.2,P-BTC-81500-280826
2026-08-27T21:01:35.678066,BTC,put,81400.0,2026-08-28,1447.44907492,1447.44907492,28.6,-0.88018799,0.0001752,-182.5948916,6.61303121,1.483,,,,80016.2,P-BTC-81400-280826
2026-08-27T21:01:35.678066,BTC,put,81200.0,2026-08-28,1268.32744196,1268.32744196,27.8,-0.8476324,0.00021126,-210.52639865,7.79713915,0.167,,,,80016.2,P-BTC-81200-280826
2026-08-27T21:01:35.678066,BTC,put,81000.0,2026-08-28,1094.66769782,1094.66769782,27.0,-0.80703734,0.00025068,-239.87857675,9.06630411,5.698,,,,80016.2,P-BTC-81000-280826
2026-08-27T21:01:35.678066,BTC,put,80800.0,2026-08-28,928.28676644,928.28676644,26.2,-0.76660834,0.00028826,-260.51152395,10.12826676,5.204,,,,80016.2,P-BTC-80800-280826
2026-08-27T21:01:35.678066,BTC,put,80600.0,2026-08-28,770.77644451,770.77644451,25.4,-0.71272721,0.00033264,-279.75673521,11.27458523,2.402,,,,80016.2,P-BTC-80600-280826
2026-08-27T21:01:35.678066,BTC,put,80500.0,2026-08-28,696.36170414,696.36170414,25.1,-0.67009208,0.00035293,-297.66933104,11.98427374,4.898,,,,80016.2,P-BTC-80500-280826
2026-08-27T21:01:35.678066,BTC,put,80400.0,2026-08-28,624.16457127,624.16457127,24.6,-0.63685716,0.00037157,-303.61400824,12.41816928,26.207,,,,80016.2,P-BTC-80400-280826
2026-08-27T21:01:35.678066,BTC,put,80200.0,2026-08-28,490.72239319,490.72239319,23.9,-0.56394198,0.00040165,-309.372504,13.0323972,22.961,,,,80016.2,P-BTC-80200-280826
2026-08-27T21:01:35.678066,BTC,put,80000.0,2026-08-28,375.38503118,375.38503118,23.3,-0.49082344,0.00041638,-306.11974393,13.19523305,67.474,,,,80016.2,P-BTC-80000-280826
2026-08-27T21:01:35.678066,BTC,put,79800.0,2026-08-28,281.16452054,281.16452054,23.1,-0.39857429,0.00040437,-295.1999178,12.77385955,18.473,,,,80016.2,P-BTC-79800-280826
2026-08-27T21:01:35.678066,BTC,put,79600.0,2026-08-28,206.99348737,206.99348737,23.0,-0.32016194,0.00037455,-273.69041457,11.83754219,26.733,,,,80016.2,P-BTC-79600-280826
2026-08-27T21:01:35.678066,BTC,put,79500.0,2026-08-28,176.95618276,176.95618276,23.1,-0.28836194,0.00035422,-263.64243311,11.29696992,18.032,,,,80016.2,P-BTC-79500-280826
2026-08-27T21:01:35.678066,BTC,put,79400.0,2026-08-28,149.51016935,149.51016935,23.1,-0.25239747,0.00033356,-245.03658743,10.56867504,20.6,,,,80016.2,P-BTC-79400-280826
2026-08-27T21:01:35.678066,BTC,put,79200.0,2026-08-28,106.03694512,106.03694512,23.3,-0.19093966,0.00028102,-211.23800983,9.00771523,19.003,,,,80016.2,P-BTC-79200-280826
2026-08-27T21:01:35.678066,BTC,put,79000.0,2026-08-28,74.6807897,74.6807897,23.6,-0.14182379,0.00022886,-176.5144263,7.43105501,95.018,,,,80016.2,P-BTC-79000-280826
2026-08-27T21:01:35.678066,BTC,put,78800.0,2026-08-28,52.86846346,52.86846346,24.1,-0.10861877,0.00018664,-149.06268864,6.16480476,19.368,,,,80016.2,P-BTC-78800-280826
2026-08-27T21:01:35.678066,BTC,put,78600.0,2026-08-28,38.22606477,38.22606477,24.7,-0.07817785,0.00014195,-120.47484608,4.83495161,39.091,,,,80016.2,P-BTC-78600-280826
2026-08-27T21:01:35.678066,BTC,put,78500.0,2026-08-28,32.36407992,32.36407992,25.0,-0.06729846,0.00012484,-108.89048339,4.31070456,27.972,,,,80016.2,P-BTC-78500-280826
2026-08-27T21:01:35.678066,BTC,put,78400.0,2026-08-28,27.77842356,27.77842356,25.4,-0.05980886,0.00011179,-101.20022247,3.93202775,46.355,,,,80016.2,P-BTC-78400-280826
2026-08-27T21:01:35.678066,BTC,put,78200.0,2026-08-28,20.64853752,20.64853752,26.2,-0.04426005,8.528e-05,-82.19174716,3.09532328,53.692,,,,80016.2,P-BTC-78200-280826
2026-08-27T21:01:35.678066,BTC,put,78000.0,2026-08-28,16.38997288,16.38997288,27.4,-0.0353391,6.853e-05,-70.92159377,2.57690564,108.062,,,,80016.2,P-BTC-78000-280826
2026-08-27T21:01:35.678066,BTC,put,77800.0,2026-08-28,14.08666025,14.08666025,28.8,-0.02983822,5.617e-05,-65.45764505,2.24148789,61.996,,,,80016.2,P-BTC-77800-280826
2026-08-27T21:01:35.678066,BTC,put,77600.0,2026-08-28,12.36596999,12.36596999,30.3,-0.02494384,4.605e-05,-59.2056501,1.93050499,146.035,,,,80016.2,P-BTC-77600-280826
2026-08-27T21:01:35.678066,BTC,put,77500.0,2026-08-28,11.6141043,11.6141043,31.1,-0.02271833,4.179e-05,-55.76061176,1.78450059,160.074,,,,80016.2,P-BTC-77500-280826
2026-08-27T21:01:35.678066,BTC,put,77400.0,2026-08-28,10.76796353,10.76796353,31.7,-0.02049821,3.753e-05,-52.18115059,1.6361148,157.405,,,,80016.2,P-BTC-77400-280826
2026-08-27T21:01:35.678066,BTC,put,77200.0,2026-08-28,8.26409842,8.26409842,32.5,-0.01667184,3.05e-05,-45.17085338,1.37203559,201.85,,,,80016.2,P-BTC-77200-280826
2026-08-27T21:01:35.678066,BTC,put,77000.0,2026-08-28,5.95038184,5.95038184,33.0,-0.01159568,2.213e-05,-33.27840218,1.00338399,269.283,,,,80016.2,P-BTC-77000-280826
2026-08-27T21:01:35.678066,BTC,put,76500.0,2026-08-28,2.17711797,2.17711797,33.5,-0.00455924,9.56e-06,-14.86197435,0.44073588,216.576,,,,80016.2,P-BTC-76500-280826
2026-08-27T21:01:35.678066,BTC,put,76000.0,2026-08-28,1.12970702,1.12970702,35.4,-0.00240502,5.11e-06,-8.80373321,0.24791711,211.535,,,,80016.2,P-BTC-76000-280826
2026-08-27T21:01:35.678066,BTC,put,75500.0,2026-08-28,0.59769201,0.59769201,37.2,-0.0012536,2.67e-06,-5.14833596,0.13707027,99.193,,,,80016.2,P-BTC-75500-280826
2026-08-27T21:01:35.678066,BTC,put,75000.0,2026-08-28,0.59028105,0.59028105,41.0,-0.00114639,2.24e-06,-5.22009015,0.12626804,205.037,,,,80016.2,P-BTC-75000-280826
2026-08-27T21:01:35.678066,BTC,put,74500.0,2026-08-28,0.58896439,0.58896439,44.9,-0.00105121,1.88e-06,-5.2889783,0.11664628,68.267,,,,80016.2,P-BTC-74500-280826
2026-08-27T21:01:35.678066,BTC,put,74000.0,2026-08-28,0.58648905,0.58648905,48.8,-0.00097249,1.61e-06,-5.35061492,0.10860947,95.067,,,,80016.2,P-BTC-74000-280826
2026-08-27T21:01:35.678066,BTC,put,73500.0,2026-08-28,0.60070848,0.60070848,52.7,-0.00095175,1.46e-06,-5.67215468,0.10645364,49.58,,,,80016.2,P-BTC-73500-280826
2026-08-27T21:01:35.678066,BTC,put,73000.0,2026-08-28,0.57914616,0.57914616,56.5,-0.00084878,1.23e-06,-5.45830554,0.09581923,83.587,,,,80016.2,P-BTC-73000-280826
2026-08-27T21:01:35.678066,BTC,put,72500.0,2026-08-28,0.57901712,0.57901712,60.3,-0.00079535,1.08e-06,-5.50907351,0.09027808,19.878,,,,80016.2,P-BTC-72500-280826
2026-08-27T21:01:35.678066,BTC,put,72000.0,2026-08-28,0.57367278,0.57367278,64.2,-0.00075209,9.7e-07,-5.55300911,0.08571646,72.035,,,,80016.2,P-BTC-72000-280826
2026-08-27T21:01:35.678066,BTC,put,71500.0,2026-08-28,0.57399421,0.57399421,68.1,-0.00071081,8.7e-07,-5.59696918,0.08137755,50.671,,,,80016.2,P-BTC-71500-280826
2026-08-27T21:01:35.678066,BTC,put,71000.0,2026-08-28,0.57407625,0.57407625,72.0,-0.00067459,7.8e-07,-5.63760989,0.07753996,67.602,,,,80016.2,P-BTC-71000-280826
2026-08-27T21:01:35.678066,BTC,put,70500.0,2026-08-28,0.57241289,0.57241289,75.9,-0.0006401,7e-07,-5.6778759,0.07389682,48.69,,,,80016.2,P-BTC-70500-280826
2026-08-27T21:01:35.678066,BTC,put,70000.0,2026-08-28,0.57187308,0.57187308,79.9,-0.0006102,6.4e-07,-5.71453851,0.07070469,58.99,,,,80016.2,P-BTC-70000-280826
2026-08-27T21:01:35.678066,BTC,put,69500.0,2026-08-28,0.57072245,0.57072245,83.8,-0.00058291,5.8e-07,-5.74949873,0.06777792,17.544,,,,80016.2,P-BTC-69500-280826
2026-08-27T21:01:35.678066,BTC,put,69000.0,2026-08-28,0.56714852,0.56714852,87.7,-0.000559,5.4e-07,-5.78188038,0.06518246,122.867,,,,80016.2,P-BTC-69000-280826
2026-08-27T21:01:35.678066,BTC,put,68500.0,2026-08-28,0.56635577,0.56635577,91.7,-0.00053589,4.9e-07,-5.8137803,0.06268662,76.135,,,,80016.2,P-BTC-68500-280826
2026-08-27T21:01:35.678066,BTC,put,68000.0,2026-08-28,0.56678961,0.56678961,95.7,-0.00051436,4.6e-07,-5.84466235,0.0603564,24.722,,,,80016.2,P-BTC-68000-280826
2026-08-27T21:01:35.678066,BTC,put,67500.0,2026-08-28,0.56600978,0.56600978,99.8,-0.00049463,4.2e-07,-5.87407834,0.05820971,73.553,,,,80016.2,P-BTC-67500-280826
2026-08-27T21:01:35.678066,BTC,put,67000.0,2026-08-28,0.56569554,0.56569554,103.8,-0.00047592,3.9e-07,-5.9029276,0.0561747,66.841,,,,80016.2,P-BTC-67000-280826
2026-08-27T21:01:35.678066,BTC,put,66500.0,2026-08-28,0.56357403,0.56357403,107.8,-0.00045934,3.6e-07,-5.92940675,0.05434782,20.892,,,,80016.2,P-BTC-66500-280826
2026-08-27T21:01:35.678066,BTC,put,66000.0,2026-08-28,0.56467406,0.56467406,112.0,-0.00044259,3.4e-07,-5.95679342,0.05252539,42.779,,,,80016.2,P-BTC-66000-280826
2026-08-27T21:01:35.678066,BTC,put,65500.0,2026-08-28,0.56278633,0.56278633,116.0,-0.00042834,3.2e-07,-5.98111239,0.05093918,31.196,,,,80016.2,P-BTC-65500-280826
2026-08-27T21:01:35.678066,BTC,put,65000.0,2026-08-28,0.56360462,0.56360462,120.2,-0.00041361,3e-07,-6.00660849,0.04932837,82.2,,,,80016.2,P-BTC-65000-280826
2026-08-27T21:01:35.678066,BTC,put,64500.0,2026-08-28,0.56156381,0.56156381,124.3,-0.00040098,2.8e-07,-6.02946312,0.04791404,55.913,,,,80016.2,P-BTC-64500-280826
2026-08-27T21:01:35.678066,BTC,put,64000.0,2026-08-28,0.56287904,0.56287904,128.5,-0.00038793,2.6e-07,-6.05320424,0.04648018,9.8,,,,80016.2,P-BTC-64000-280826
2026-08-27T21:01:35.678066,BTC,put,63500.0,2026-08-28,0.56065732,0.56065732,132.7,-0.00037674,2.5e-07,-6.07463491,0.04521835,22.237,,,,80016.2,P-BTC-63500-280826
2026-08-27T21:01:35.678066,BTC,put,63000.0,2026-08-28,0.56148384,0.56148384,137.0,-0.00036525,2.3e-07,-6.09679829,0.04394491,65.817,,,,80016.2,P-BTC-63000-280826
2026-08-27T21:01:35.678066,BTC,put,62500.0,2026-08-28,0.56135953,0.56135953,141.2,-0.0003545,2.2e-07,-6.11796301,0.04274764,33.616,,,,80016.2,P-BTC-62500-280826
2026-08-27T21:01:35.678066,BTC,put,62000.0,2026-08-28,0.56086162,0.56086162,145.5,-0.00034451,2.1e-07,-6.13847252,0.04162619,24.945,,,,80016.2,P-BTC-62000-280826
2026-08-27T21:01:35.678066,BTC,put,61500.0,2026-08-28,0.56076145,0.56076145,149.8,-0.00033497,2e-07,-6.15823648,0.04055502,24.711,,,,80016.2,P-BTC-61500-280826
2026-08-27T21:01:35.678066,BTC,put,61000.0,2026-08-28,0.55942843,0.55942843,154.2,-0.00032621,1.9e-07,-6.17712992,0.0395572,33.384,,,,80016.2,P-BTC-61000-280826
2026-08-27T21:01:35.678066,BTC,put,60000.0,2026-08-28,0.56334548,0.56334548,163.0,-0.00031395,1.7e-07,-6.30656995,0.03816948,178.255,,,,80016.2,P-BTC-60000-280826
2026-08-27T21:01:35.678066,BTC,put,59000.0,2026-08-28,0.55912263,0.55912263,171.9,-0.00029364,1.5e-07,-6.2499315,0.0358772,35.941,,,,80016.2,P-BTC-59000-280826
2026-08-27T21:01:35.678066,BTC,put,58000.0,2026-08-28,0.55798615,0.55798615,180.9,-0.00027975,1.4e-07,-6.28310625,0.03428552,50.708,,,,80016.2,P-BTC-58000-280826
2026-08-27T21:01:35.678066,BTC,put,57000.0,2026-08-28,0.55802757,0.55802757,190.1,-0.00026649,1.2e-07,-6.31557595,0.03277732,58.034,,,,80016.2,P-BTC-57000-280826
2026-08-27T21:01:35.678066,BTC,put,56000.0,2026-08-28,0.55725741,0.55725741,199.4,-0.00025456,1.1e-07,-6.34628557,0.03140314,31.437,,,,80016.2,P-BTC-56000-280826
2026-08-27T21:01:35.678066,BTC,put,55000.0,2026-08-28,0.55655481,0.55655481,208.9,-0.00024349,1e-07,-6.37554672,0.030124,37.848,,,,80016.2,P-BTC-55000-280826
2026-08-27T21:01:35.678066,BTC,put,54000.0,2026-08-28,0.55654504,0.55654504,218.5,-0.00023295,1e-07,-6.40401991,0.02891234,66.506,,,,80016.2,P-BTC-54000-280826
2026-08-27T21:01:35.678066,BTC,put,53000.0,2026-08-28,0.55618659,0.55618659,228.3,-0.00022326,9e-08,-6.43113575,0.02778796,62.097,,,,80016.2,P-BTC-53000-280826
2026-08-27T21:01:35.678066,BTC,put,52000.0,2026-08-28,0.51602688,0.51602688,237.0,-0.00021416,8e-08,-6.4572329,0.02673125,83.737,,,,80016.2,P-BTC-52000-280826
2026-08-27T21:01:35.678066,BTC,put,51000.0,2026-08-28,0.27202697,0.27202697,237.0,-0.00020567,7e-08,-6.4824069,0.02573926,69.58,,,,80016.2,P-BTC-51000-280826
2026-08-27T21:01:35.678066,BTC,put,50000.0,2026-08-28,0.13838833,0.13838833,237.0,-0.00019784,7e-08,-6.50647814,0.0248147,71.25,,,,80016.2,P-BTC-50000-280826
2026-08-27T21:01:35.678066,BTC,put,49000.0,2026-08-28,0.1,0.1,242.2,-0.00019014,6e-08,-6.52981595,0.02391902,123.428,,,,80016.2,P-BTC-49000-280826
2026-08-27T21:01:35.678066,BTC,call,88000.0,2026-08-28,0.42464035,0.42464035,56.3,0.00069321,1.02e-06,-4.55127152,0.07953313,518.905,,,,80016.2,C-BTC-88000-280826
2026-08-27T21:01:35.678066,BTC,call,87000.0,2026-08-28,0.51516885,0.51516885,50.8,0.00093843,1.48e-06,-5.45404478,0.10508415,257.258,,,,80016.2,C-BTC-87000-280826
2026-08-27T21:01:35.678066,BTC,call,86000.0,2026-08-28,0.51222019,0.51222019,44.3,0.00106496,1.91e-06,-5.34361196,0.11802335,153.491,,,,80016.2,C-BTC-86000-280826
2026-08-27T21:01:35.678066,BTC,call,85000.0,2026-08-28,0.55419148,0.55419148,37.9,0.00124065,2.59e-06,-5.21086361,0.13577498,323.071,,,,80016.2,C-BTC-85000-280826
2026-08-27T21:01:35.678066,BTC,call,84000.0,2026-08-28,1.8328547,1.8328547,34.8,0.00438296,8.75e-06,-15.13570535,0.42549523,237.303,,,,80016.2,C-BTC-84000-280826
2026-08-27T21:01:35.678066,BTC,call,83000.0,2026-08-28,11.44522083,11.44522083,34.3,0.02245374,3.7e-05,-61.74298321,1.76719254,321.411,,,,80016.2,C-BTC-83000-280826
2026-08-27T21:01:35.678066,BTC,call,82500.0,2026-08-28,19.2124412,19.2124412,32.2,0.03571742,5.828e-05,-84.8675107,2.59949571,88.166,,,,80016.2,C-BTC-82500-280826
2026-08-27T21:01:35.678066,BTC,call,82200.0,2026-08-28,24.91561948,24.91561948,30.5,0.04732358,7.693e-05,-101.4610525,3.26535379,12.903,,,,80016.2,C-BTC-82200-280826
2026-08-27T21:01:35.678066,BTC,call,82000.0,2026-08-28,31.7285606,31.7285606,29.7,0.0598751,9.522e-05,-119.02331996,3.93503827,121.116,,,,80016.2,C-BTC-82000-280826
2026-08-27T21:01:35.678066,BTC,call,81800.0,2026-08-28,41.2413226,41.2413226,29.0,0.07833782,0.00011962,-143.40674011,4.84245247,12.925,,,,80016.2,C-BTC-81800-280826
2026-08-27T21:01:35.678066,BTC,call,81600.0,2026-08-28,54.11449807,54.11449807,28.4,0.10008163,0.00014638,-168.79523788,5.81151386,13.02,,,,80016.2,C-BTC-81600-280826
2026-08-27T21:01:35.678066,BTC,call,81500.0,2026-08-28,61.82295208,61.82295208,28.1,0.11267661,0.00016119,-181.91451243,6.33098861,28.157,,,,80016.2,C-BTC-81500-280826
2026-08-27T21:01:35.678066,BTC,call,81400.0,2026-08-28,70.48453259,70.48453259,27.8,0.12660796,0.00017701,-195.26821233,6.87367326,7.231,,,,80016.2,C-BTC-81400-280826
2026-08-27T21:01:35.678066,BTC,call,81200.0,2026-08-28,91.10193954,91.10193954,27.1,0.15846421,0.00021148,-221.48091837,8.0017041,10.791,,,,80016.2,C-BTC-81200-280826
2026-08-27T21:01:35.678066,BTC,call,81000.0,2026-08-28,117.80026602,117.80026602,26.4,0.19662021,0.00024748,-248.60134503,9.1693447,73.651,,,,80016.2,C-BTC-81000-280826
2026-08-27T21:01:35.678066,BTC,call,80800.0,2026-08-28,151.35590432,151.35590432,25.7,0.2395436,0.00028617,-270.03727521,10.27501995,13.711,,,,80016.2,C-BTC-80800-280826
2026-08-27T21:01:35.678066,BTC,call,80600.0,2026-08-28,194.15561762,194.15561762,25.0,0.30146901,0.00032912,-295.60460542,11.53243559,76.88,,,,80016.2,C-BTC-80600-280826
2026-08-27T21:01:35.678066,BTC,call,80500.0,2026-08-28,219.47490291,219.47490291,24.6,0.32555142,0.00034539,-300.92876396,11.91658607,24.111,,,,80016.2,C-BTC-80500-280826
2026-08-27T21:01:35.678066,BTC,call,80400.0,2026-08-28,247.0706816,247.0706816,24.2,0.36592055,0.00036593,-309.8744571,12.45028147,19.467,,,,80016.2,C-BTC-80400-280826
2026-08-27T21:01:35.678066,BTC,call,80200.0,2026-08-28,313.48625356,313.48625356,23.5,0.43866902,0.00039434,-315.76082772,13.0466788,18.434,,,,80016.2,C-BTC-80200-280826
2026-08-27T21:01:35.678066,BTC,call,80000.0,2026-08-28,398.26187353,398.26187353,23.0,0.51885726,0.00040699,-312.62673316,13.18842108,66.503,,,,80016.2,C-BTC-80000-280826
2026-08-27T21:01:35.678066,BTC,call,79800.0,2026-08-28,504.1965731,504.1965731,22.7,0.59986058,0.00039809,-300.47548255,12.78706862,11.107,,,,80016.2,C-BTC-79800-280826
2026-08-27T21:01:35.678066,BTC,call,79600.0,2026-08-28,630.23162489,630.23162489,22.6,0.67670578,0.00036885,-280.17370217,11.88563465,3.972,,,,80016.2,C-BTC-79600-280826
2026-08-27T21:01:35.678066,BTC,call,79500.0,2026-08-28,699.75723335,699.75723335,22.7,0.71227121,0.00034845,-267.43754864,11.2868612,6.78,,,,80016.2,C-BTC-79500-280826
2026-08-27T21:01:35.678066,BTC,call,79400.0,2026-08-28,773.40148652,773.40148652,22.7,0.74139498,0.0003318,-252.6711217,10.70260088,3.518,,,,80016.2,C-BTC-79400-280826
2026-08-27T21:01:35.678066,BTC,call,79200.0,2026-08-28,929.73991218,929.73991218,22.8,0.79890993,0.00028309,-223.30218212,9.29323599,1.948,,,,80016.2,C-BTC-79200-280826
2026-08-27T21:01:35.678066,BTC,call,79000.0,2026-08-28,1097.68614956,1097.68614956,23.0,0.8516443,0.00022928,-187.19495246,7.65996081,6.822,,,,80016.2,C-BTC-79000-280826
2026-08-27T21:01:35.678066,BTC,call,78800.0,2026-08-28,1276.49464602,1276.49464602,23.3,0.88679587,0.00018493,-159.62001297,6.35213117,1.896,,,,80016.2,C-BTC-78800-280826
2026-08-27T21:01:35.678066,BTC,call,78600.0,2026-08-28,1463.16736925,1463.16736925,24.0,0.90366706,0.00015485,-150.88414436,5.64952881,1.147,,,,80016.2,C-BTC-78600-280826
2026-08-27T21:01:35.678066,BTC,call,78500.0,2026-08-28,1555.24573294,1555.24573294,23.9,0.92224114,0.00013391,-126.67503335,4.81411073,0.788,,,,80016.2,C-BTC-78500-280826
2026-08-27T21:01:35.678066,BTC,call,78400.0,2026-08-28,1650.7001333,1650.7001333,24.1,0.93022583,0.00012075,-119.03653278,4.4310723,0.897,,,,80016.2,C-BTC-78400-280826
2026-08-27T21:01:35.678066,BTC,call,78200.0,2026-08-28,1843.15191199,1843.15191199,24.4,0.94623319,9.425e-05,-101.49536674,3.61591451,0.086,,,,80016.2,C-BTC-78200-280826
2026-08-27T21:01:35.678066,BTC,call,78000.0,2026-08-28,2039.46020194,2039.46020194,25.3,0.9557786,7.674e-05,-91.20789195,3.09318065,4.212,,,,80016.2,C-BTC-78000-280826
2026-08-27T21:01:35.678066,BTC,call,77800.0,2026-08-28,2237.02734138,2237.02734138,26.3,0.96069073,6.598e-05,-87.66656855,2.8111634,0.26,,,,80016.2,C-BTC-77800-280826
2026-08-27T21:01:35.678066,BTC,call,77600.0,2026-08-28,2436.16675712,2436.16675712,27.9,0.95840498,6.249e-05,-101.46083548,2.9429292,0.205,,,,80016.2,C-BTC-77600-280826
2026-08-27T21:01:35.678066,BTC,call,77500.0,2026-08-28,2534.0818475,2534.0818475,27.6,0.96855363,5.073e-05,-79.04512784,2.34141118,0.344,,,,80016.2,C-BTC-77500-280826
2026-08-27T21:01:35.678066,BTC,call,77400.0,2026-08-28,2632.64979676,2632.64979676,27.3,0.9850214,3.059e-05,-37.47651318,1.25162764,0.001,,,,80016.2,C-BTC-77400-280826
2026-08-27T21:01:35.678066,BTC,call,77200.0,2026-08-28,2832.26310523,2832.26310523,28.8,0.97407645,4.06e-05,-71.64036046,1.99339664,0.001,,,,80016.2,C-BTC-77200-280826
2026-08-27T21:01:35.678066,BTC,call,77000.0,2026-08-28,3029.53431634,3029.53431634,25.8,0.97841499,3.355e-05,-63.71191048,1.70927565,2.854,,,,80016.2,C-BTC-77000-280826
2026-08-27T21:01:35.678066,BTC,call,76500.0,2026-08-28,3526.32185421,3526.32185421,5.0,0.97623529,3.07e-05,-81.87439158,1.85305711,0.014,,,,80016.2,C-BTC-76500-280826
2026-08-27T21:01:35.678066,BTC,call,76000.0,2026-08-28,4023.0048608,4023.0048608,5.0,0.98925085,1.566e-05,-41.21329949,0.93940366,2.724,,,,80016.2,C-BTC-76000-280826
2026-08-27T21:01:35.678066,BTC,call,75500.0,2026-08-28,4523.03674046,4523.03674046,5.0,0.98987826,1.332e-05,-43.64334896,0.89136603,0.782,,,,80016.2,C-BTC-75500-280826
2026-08-27T21:01:35.678066,BTC,call,75000.0,2026-08-28,5020.05158097,5020.05158097,5.0,0.99142743,1.066e-05,-40.79546461,0.77058322,3.441,,,,80016.2,C-BTC-75000-280826
2026-08-27T21:01:35.678066,BTC,call,74500.0,2026-08-28,5520.15246332,5520.15246332,5.0,0.99268723,8.6e-06,-38.22190774,0.67005743,0.018,,,,80016.2,C-BTC-74500-280826
2026-08-27T21:01:35.678066,BTC,call,74000.0,2026-08-28,6022.61526441,6022.61526441,5.0,0.99292259,7.66e-06,-40.48903391,0.65104647,2.721,,,,80016.2,C-BTC-74000-280826
2026-08-27T21:01:35.678066,BTC,call,73500.0,2026-08-28,6522.08999582,6522.08999582,5.0,0.99322703,6.8e-06,-42.2051908,0.6264213,0.0,,,,80016.2,C-BTC-73500-280826
2026-08-27T21:01:35.678066,BTC,call,73000.0,2026-08-28,7022.77633428,7022.77633428,5.0,0.99283023,6.56e-06,-48.36137695,0.65870295,1.073,,,,80016.2,C-BTC-73000-280826
2026-08-27T21:01:35.678066,BTC,call,72500.0,2026-08-28,7522.64652852,7522.64652852,5.0,0.99375803,5.53e-06,-44.96406632,0.58262241,0.01,,,,80016.2,C-BTC-72500-280826
2026-08-27T21:01:35.678066,BTC,call,72000.0,2026-08-28,8022.49968659,8022.49968659,5.0,0.99446478,4.72e-06,-42.54393342,0.52371888,2.194,,,,80016.2,C-BTC-72000-280826
2026-08-27T21:01:35.678066,BTC,call,71500.0,2026-08-28,8522.62480682,8522.62480682,5.0,0.99439848,4.46e-06,-45.93529358,0.52928733,0.107,,,,80016.2,C-BTC-71500-280826
2026-08-27T21:01:35.678066,BTC,call,71000.0,2026-08-28,9023.71537341,9023.71537341,5.0,0.99507047,3.82e-06,-42.78575195,0.472371,0.63,,,,80016.2,C-BTC-71000-280826
2026-08-27T21:01:35.678066,BTC,call,70500.0,2026-08-28,9521.68215433,9521.68215433,5.0,0.99511875,3.57e-06,-45.01093863,0.46840925,0.031,,,,80016.2,C-BTC-70500-280826
2026-08-27T21:01:35.678066,BTC,call,70000.0,2026-08-28,10022.3784744,10022.3784744,5.0,0.99563634,3.11e-06,-42.30457927,0.42370409,1.237,,,,80016.2,C-BTC-70000-280826
2026-08-27T21:01:35.678066,BTC,call,69500.0,2026-08-28,10522.05539432,10522.05539432,5.0,0.99637067,2.56e-06,-36.91858549,0.35925576,0.596,,,,80016.2,C-BTC-69500-280826
2026-08-27T21:01:35.678066,BTC,call,69000.0,2026-08-28,11022.4452658,11022.4452658,5.0,0.99640141,2.42e-06,-38.48997602,0.35651976,1.835,,,,80016.2,C-BTC-69000-280826
2026-08-27T21:01:35.678066,BTC,call,67000.0,2026-08-28,13022.03072672,13022.03072672,5.0,0.99651666,1.96e-06,-44.78241719,0.34634563,0.333,,,,80016.2,C-BTC-67000-280826
2026-08-27T21:01:35.678066,BTC,call,66500.0,2026-08-28,13521.47980806,13521.47980806,5.0,0.99668415,1.81e-06,-44.39589337,0.33134007,1.12,,,,80016.2,C-BTC-66500-280826
2026-08-27T21:01:35.678066,BTC,call,66000.0,2026-08-28,14021.9852604,14021.9852604,5.0,0.99697739,1.62e-06,-41.98616573,0.30476569,3.646,,,,80016.2,C-BTC-66000-280826
2026-08-27T21:01:35.678066,BTC,call,65500.0,2026-08-28,14522.153363,14522.153363,5.0,0.99689863,1.59e-06,-44.89417508,0.31199147,7.286,,,,80016.2,C-BTC-65500-280826
2026-08-27T21:01:35.678066,BTC,call,65000.0,2026-08-28,15021.01520546,15021.01520546,5.0,0.99721551,1.4e-06,-41.76387354,0.28310748,2.838,,,,80016.2,C-BTC-65000-280826
2026-08-27T21:01:35.678066,BTC,call,64500.0,2026-08-28,15521.79588369,15521.79588369,5.0,0.99738731,1.29e-06,-40.6025601,0.26728981,3.752,,,,80016.2,C-BTC-64500-280826
2026-08-27T21:01:35.678066,BTC,call,64000.0,2026-08-28,16021.82599242,16021.82599242,5.0,0.99738194,1.24e-06,-42.17687155,0.26778276,1.618,,,,80016.2,C-BTC-64000-280826
2026-08-27T21:01:35.678066,BTC,call,63500.0,2026-08-28,16521.51131276,16521.51131276,5.0,0.99737761,1.2e-06,-43.75030807,0.26817723,0.367,,,,80016.2,C-BTC-63500-280826
2026-08-27T21:01:35.678066,BTC,call,63000.0,2026-08-28,17022.08194556,17022.08194556,5.0,0.99772723,1.04e-06,-39.06179817,0.23555741,0.574,,,,80016.2,C-BTC-63000-280826
2026-08-27T21:01:35.678066,BTC,call,62000.0,2026-08-28,18020.9656501,18020.9656501,5.0,0.99766511,9.9e-07,-42.93163524,0.24144325,3.43,,,,80016.2,C-BTC-62000-280826
2026-08-27T21:01:35.678066,BTC,call,61000.0,2026-08-28,19020.68298496,19020.68298496,5.0,0.99778696,8.9e-07,-43.2790284,0.23000385,1.0,,,,80016.2,C-BTC-61000-280826
2026-08-27T21:01:35.678066,BTC,call,51000.0,2026-08-28,29016.57202697,29016.57202697,5.0,0.9989686,2.9e-07,-33.27846034,0.11460388,0.0,,,,80016.2,C-BTC-51000-280826
2026-08-27T21:01:35.678066,BTC,call,50000.0,2026-08-28,30016.43838833,30016.43838833,5.0,0.9993427,1.9e-07,-21.98421993,0.07570468,0.025,,,,80016.2,C-BTC-50000-280826
2026-08-27T21:01:35.678066,BTC,call,49000.0,2026-08-28,31016.36780284,31016.36780284,5.0,0.9994514,1.6e-07,-19.10317016,0.06406458,1.237,,,,80016.2,C-BTC-49000-280826
2026-08-27T21:01:35.678066,BTC,call,48000.0,2026-08-28,32016.33192332,32016.33192332,5.0,0.9995695,1.2e-07,-15.58877373,0.05119448,0.022,,,,80016.2,C-BTC-48000-280826
2026-08-27T21:01:35.678066,BTC,call,55000.0,2026-08-28,25019.19857792,25019.19857792,5.0,0.99889094,3.7e-07,-29.69404529,0.12248538,0.392,,,,80016.2,C-BTC-55000-280826
2026-08-27T21:01:35.678066,BTC,call,53000.0,2026-08-28,27017.24647821,27017.24647821,5.0,0.9987187,3.8e-07,-37.91721942,0.1398366,0.0,,,,80016.2,C-BTC-53000-280826
2026-08-27T21:01:35.678066,BTC,call,67500.0,2026-08-28,12521.50355536,12521.50355536,5.0,0.9964394,2.08e-06,-43.85984388,0.35322934,0.002,,,,80016.2,C-BTC-67500-280826
2026-08-27T21:01:35.678066,BTC,call,57000.0,2026-08-28,23018.38229822,23018.38229822,5.0,1.0,0.0,-0.0,0.0,0.0,,,,80016.2,C-BTC-57000-280826
2026-08-27T21:01:35.678066,BTC,call,54000.0,2026-08-28,26017.9815307,26017.9815307,5.0,0.99858474,4.3e-07,-40.02028656,0.15314093,0.1,,,,80016.2,C-BTC-54000-280826
2026-08-27T21:01:35.678066,BTC,call,62500.0,2026-08-28,17522.35919887,17522.35919887,5.0,0.99259929,2.47e-06,-135.94779119,0.67719986,0.035,,,,80016.2,C-BTC-62500-280826
2026-08-27T21:01:35.678066,BTC,call,56000.0,2026-08-28,24020.80114507,24020.80114507,5.0,0.99845735,5.1e-07,-39.57362316,0.16567331,0.63,,,,80016.2,C-BTC-56000-280826
2026-08-27T21:01:35.678066,BTC,call,58000.0,2026-08-28,22021.80256784,22021.80256784,5.0,0.9982158,6.3e-07,-41.30293206,0.18913304,0.2,,,,80016.2,C-BTC-58000-280826
2026-08-27T21:01:35.678066,BTC,call,52000.0,2026-08-28,28016.81602688,28016.81602688,5.0,0.99838227,4.3e-07,-50.33882362,0.17294557,0.0,,,,80016.2,C-BTC-52000-280826
2026-08-27T21:01:35.678066,BTC,call,61500.0,2026-08-28,18521.72156841,18521.72156841,5.0,0.99787348,8.9e-07,-40.27277727,0.22182431,0.0,,,,80016.2,C-BTC-61500-280826
2026-08-27T21:01:35.678066,BTC,call,68500.0,2026-08-28,11522.2252539,11522.2252539,5.0,0.99540126,2.77e-06,-52.00553558,0.44409034,0.205,,,,80016.2,C-BTC-68500-280826
2026-08-27T21:01:35.678066,BTC,call,68000.0,2026-08-28,12023.14994438,12023.14994438,5.0,0.99261713,3.77e-06,-88.61496698,0.67570717,1.021,,,,80016.2,C-BTC-68000-280826
2026-08-27T21:01:35.678066,BTC,call,59000.0,2026-08-28,21021.30029634,21021.30029634,5.0,0.99768444,8.2e-07,-51.00152675,0.23963237,1.3,,,,80016.2,C-BTC-59000-280826
2026-08-27T21:01:35.678066,BTC,call,60000.0,2026-08-28,20022.39541656,20022.39541656,5.0,0.99607435,1.32e-06,-82.6680209,0.38549161,0.916,,,,80016.2,C-BTC-60000-280826
